dest,source,sha256
runtime\nis.license.txt,streamline\nis.license.txt,f80ecfbce8a84a5b4c1c59dc5a9f0ee9cf5a989c9fba3a9486ee874f7595a454
runtime\nvngx_dlss.dll,streamline\nvngx_dlss.dll,3975567b8943c53acce397f2b72380092f84f162d00b0d2c7d08a1025c563983
runtime\nvngx_dlss.license.txt,streamline\nvngx_dlss.license.txt,b6f4b4b6f582c9523ed4dfe89a4fae4cfc9c61f9c57e335e00ccee5f9b2b2e4b
runtime\nvngx_dlssd.dll,streamline\nvngx_dlssd.dll,4bc7ea5fcb2f32cf86bc2cb072e8d2860914a0be511cbdcb2fc206c1d9d83b80
runtime\nvngx_dlssg.dll,streamline\nvngx_dlssg.dll,ff6e90eb78b827927dff5b4ecc6b1c870c2e9bca29ed9f48c7d348cc9e170b82
runtime\nvngx_dlssnr.dll,streamline\nvngx_dlssnr.dll,8270b350cd82de5ce89806872cdd6b6a9249b80836b91bbeb3573470744cc206
runtime\reflex.license.txt,streamline\reflex.license.txt,ebf83c07fb3b2939908c3795d887afde3161c89a28ba391724efc784ce1bdabe
runtime\sl.common.dll,streamline\sl.common.dll,a4b2b5acbe49fbc6d44dd432cac19cd53218f698b2539dc7ed0fb268c72cfc8d
runtime\sl.dlss.dll,streamline\sl.dlss.dll,1eb5fb3d6f01d340fe086d981cc2de4f18aa6d05ee276e5cf28ecd54818dcc8b
runtime\sl.dlss_g.dll,streamline\sl.dlss_g.dll,b8b5effd7debdb750abd216de43385fb653261712bc315d85eba68811fb3ee02
runtime\sl.dlss_nr.dll,streamline\sl.dlss_nr.dll,9f6672e5e0170dc118a3188d21bda187e1fc1aa3502895b21ab846d23165c11d
runtime\sl.interposer.dll,streamline\sl.interposer.dll,27b2190057994c0b287c2c5716953bf1586f6499ac12fbbb2092b9aaf8396570
runtime\sl.nis.dll,streamline\sl.nis.dll,6039e38a1af56c8e86f3e936596e2db910bf3d76bbf4268562a3b13763049dfa
runtime\sl.pcl.dll,streamline\sl.pcl.dll,12aa4e76c28a27c735e4ecb3072f44d09428acb107b70ac38e4bd48ddb05f88d
runtime\sl.reflex.dll,streamline\sl.reflex.dll,ecf12973cdcec2ffced2ea77b1c7e45f4d387e7c864ddb5531b66a6f947effb3
reshade\ReShade32.dll,reshade-vulkan\ReShade32.dll,da430e0a9c6eecefa0d1b27d05e16c426fb5d04e808b194d914eaac4b31bc0f8
reshade\ReShade64.dll,reshade-vulkan\ReShade64.dll,0cee63f9c9f13f3ac909c5b4903f4dbb4b719a7ab3b4f13b0deaf83c814b94f7
renodx\renodx-dlss5.addon64,renodx-dlss5.addon64,342341f669f1d64e0c70c8593a07a2fab5075e073dfae97c331c9a6776260a0a
renodx\renodx-dlss.addon64,https://github.com/RankFTW/rhi-repo/releases/download/renodx-dlss-SF-26.0928.0205/renodx-dlss_SF_26.0928.0205.zip,083c002027996af25db4d1d67ca98bb6772c5cc6f28b6ea3dbc506867a97f187
feeder\dlss5-feed-host64.exe,feeder\dlss5-feed-host64.exe,c835754277a0590780d846443f314a83a30e2d2815ee0b2f7c18f1a24f252936
feeder\dlss5-feed.addon32,feeder\dlss5-feed.addon32,bfe24218be719cf5b91d829283953432907922333280931b755d83ac793fd8b2
feeder\dlss5-feed.addon64,feeder\dlss5-feed.addon64,6854d012eac307021cd31c978bafd42f1e22c5b7b2922c80e0a0010d428a3fd7
feeder\Verify-DLSS5Feeder.ps1,feeder\Verify-DLSS5Feeder.ps1,2cdb0eac0f4f8ea9da8e6290c442f846074aae9b87750425e0d2da4a820d0aca
feeder\licenses\DLSS5-Feeder-LICENSE.txt,feeder\licenses\DLSS5-Feeder-LICENSE.txt,6562d5a5e3d7534711e34f4b34335f23f067acc839ae5274c1250bf5f4654b8b
feeder\licenses\VORT-LICENSE.txt,feeder\licenses\VORT-LICENSE.txt,800bacb0f9db4df8203f0dad1f99947109a44f4097380807e0483bd62dee0d41
feeder\reshade-shaders\Shaders\DLSS5_Feed.fx,feeder\reshade-shaders\Shaders\DLSS5_Feed.fx,c4ba1610df8e1593faa7c203d6d0517058d3a8ecf2dfda18ca67849844391456
feeder\reshade-shaders\Shaders\ReShade.fxh,feeder\reshade-shaders\Shaders\ReShade.fxh,6dabfbbaf968c3871905d2ea17f96572ff7b1cec01310b5d0e5252b66b30174f
feeder\reshade-shaders\Shaders\ReShadeUI.fxh,feeder\reshade-shaders\Shaders\ReShadeUI.fxh,78adf672df47460297eb9fe6dd238d2aafa24510b52b84feb1a745dff70eb901
feeder\reshade-shaders\Shaders\vort_Motion.fx,feeder\reshade-shaders\Shaders\vort_Motion.fx,71ef3086ccf86792f5a333346eebb7b857434583712d3a51b9998db99e562edc
feeder\reshade-shaders\Shaders\Includes\vort_ACES.fxh,feeder\reshade-shaders\Shaders\Includes\vort_ACES.fxh,967cb4914457f18cc91e8844e6f7ccef0b353e4091e38f9c8667d36d45309b61
feeder\reshade-shaders\Shaders\Includes\vort_Bloom.fxh,feeder\reshade-shaders\Shaders\Includes\vort_Bloom.fxh,a3ab7942b73c61dcabe9b83ae42dafe65956c7a60d627aea27ede48a7cfb3c04
feeder\reshade-shaders\Shaders\Includes\vort_BlueNoise.fxh,feeder\reshade-shaders\Shaders\Includes\vort_BlueNoise.fxh,a1eca01ddc6bdfef2b0c52601d297c59d7dabd71039d1489b7092532407cb455
feeder\reshade-shaders\Shaders\Includes\vort_ColorChanges.fxh,feeder\reshade-shaders\Shaders\Includes\vort_ColorChanges.fxh,0cbd91dff9aa5ab615a206f56ba760378810a5540d4f2928e35138c7980b1538
feeder\reshade-shaders\Shaders\Includes\vort_ColorTex.fxh,feeder\reshade-shaders\Shaders\Includes\vort_ColorTex.fxh,f5eef2db313c73b0419503295731c03bc4365fe1ed219f4afa618707b59e8d6c
feeder\reshade-shaders\Shaders\Includes\vort_Defs.fxh,feeder\reshade-shaders\Shaders\Includes\vort_Defs.fxh,a00e99ece8b07899a7918a5248a2d603fd7f98882c795e3d31b9470cfe70a61c
feeder\reshade-shaders\Shaders\Includes\vort_Depth.fxh,feeder\reshade-shaders\Shaders\Includes\vort_Depth.fxh,92d4f0a93b3945452c861e580117bb875bb594157694b3c8741790eaf3826205
feeder\reshade-shaders\Shaders\Includes\vort_Filters.fxh,feeder\reshade-shaders\Shaders\Includes\vort_Filters.fxh,8d98a78f2fd7fe91f34bf4044d81094bd40fbb2c7b8f520ef66c5043f720f98d
feeder\reshade-shaders\Shaders\Includes\vort_HDRTex.fxh,feeder\reshade-shaders\Shaders\Includes\vort_HDRTex.fxh,5d3d002a6d4d0fc6e67dcdd4a68497163268fbb590c7477220dac8f1293f916e
feeder\reshade-shaders\Shaders\Includes\vort_MotionBlur.fxh,feeder\reshade-shaders\Shaders\Includes\vort_MotionBlur.fxh,67edbc5db1645d3c10c08375eb0bec0911c59c4fc1d3dde2d3e9c46a292ea35b
feeder\reshade-shaders\Shaders\Includes\vort_MotionBlur_Cheap.fxh,feeder\reshade-shaders\Shaders\Includes\vort_MotionBlur_Cheap.fxh,0837c8151a50ef57c77bab7a3b14dd4c3b92354e4021ee37f54eb47f3f5589c7
feeder\reshade-shaders\Shaders\Includes\vort_MotionUtils.fxh,feeder\reshade-shaders\Shaders\Includes\vort_MotionUtils.fxh,2d353b23cea6961ca40308a6aebf1e56d509485a728399d5f6b36427b7023027
feeder\reshade-shaders\Shaders\Includes\vort_MotionVectors.fxh,feeder\reshade-shaders\Shaders\Includes\vort_MotionVectors.fxh,22d5c8f8a5f2cccee0ddde994ba04a7bc5379c54b1b3e9c7cf7d46f1f8ead87d
feeder\reshade-shaders\Shaders\Includes\vort_Motion_UI.fxh,feeder\reshade-shaders\Shaders\Includes\vort_Motion_UI.fxh,29783705b01d7b83a408d29a9d4b72c5a90012a91fb05ebdf1166ba9e9aeac2b
feeder\reshade-shaders\Shaders\Includes\vort_OKColors.fxh,feeder\reshade-shaders\Shaders\Includes\vort_OKColors.fxh,5a0a8468e97eaa9e8e018246e12002a86e3fb0c7a9cb97a3bc38390fc3f854e2
feeder\reshade-shaders\Shaders\Includes\vort_Static_UI.fxh,feeder\reshade-shaders\Shaders\Includes\vort_Static_UI.fxh,ccd75ef28359b5324cf479fe568fbad7586ac203f6b1921f1b6fae48ae19bef2
feeder\reshade-shaders\Shaders\Includes\vort_TAA.fxh,feeder\reshade-shaders\Shaders\Includes\vort_TAA.fxh,9b5c701fdacb37f15e565ca1aa3a861e4df3f55db493cd6589d509927ed08ede
feeder\reshade-shaders\Shaders\Includes\vort_Tonemap.fxh,feeder\reshade-shaders\Shaders\Includes\vort_Tonemap.fxh,9413eef6190303e920356310bc3aa2a270c052a1bcfde44f024f0a8986095f30
feeder\reshade-shaders\Textures\vort_BlueNoise.png,feeder\reshade-shaders\Textures\vort_BlueNoise.png,050d26db9283fbaece3b6883e300d22403631d83a12a5f2f79dc8b789b860305
feeder\reshade-shaders\Textures\vort_MLUT.png,feeder\reshade-shaders\Textures\vort_MLUT.png,acb25ed926e7e847aeb0ef521745287d4ddda3c7f22e472ee42d61bb3064bbd7
optiscaler\OptiScaler-NR-v0.8.3-rtx40-mfg.zip,https://github.com/wilsjo2/OptiScaler-DLSSNR-PreSR-Multipass/releases/download/v0.8.3/OptiScaler-NR-v0.8.3-rtx40-mfg.zip,aac7ea64d80604a5b79f686043ba28fbefefaf98818e861a377b78122cb24448
